tax_id,parent_id,rank,tax_name,root,rank_0,rank_1,rank_2,rank_3,rank_4,rank_5
Root,Root,root,Root,Root,,,,,,
Bacteria,Root,rank_0,Bacteria,Root,Bacteria,,,,,
Bacteroidota,Bacteria,rank_1,Bacteroidota,Root,Bacteria,Bacteroidota,,,,
Flavobacteriia,Bacteroidota,rank_2,Flavobacteriia,Root,Bacteria,Bacteroidota,Flavobacteriia,,,
Flavobacteriales,Flavobacteriia,rank_3,Flavobacteriales,Root,Bacteria,Bacteroidota,Flavobacteriia,Flavobacteriales,,
Flavobacteriaceae,Flavobacteriales,rank_4,Flavobacteriaceae,Root,Bacteria,Bacteroidota,Flavobacteriia,Flavobacteriales,Flavobacteriaceae,
Gramella,Flavobacteriaceae,rank_5,Gramella,Root,Bacteria,Bacteroidota,Flavobacteriia,Flavobacteriales,Flavobacteriaceae,Gramella
Campylobacterota,Bacteria,rank_1,Campylobacterota,Root,Bacteria,Campylobacterota,,,,
Epsilonproteobacteria,Campylobacterota,rank_2,Epsilonproteobacteria,Root,Bacteria,Campylobacterota,Epsilonproteobacteria,,,
Campylobacterales,Epsilonproteobacteria,rank_3,Campylobacterales,Root,Bacteria,Campylobacterota,Epsilonproteobacteria,Campylobacterales,,
Campylobacteraceae,Campylobacterales,rank_4,Campylobacteraceae,Root,Bacteria,Campylobacterota,Epsilonproteobacteria,Campylobacterales,Campylobacteraceae,
Campylobacter,Campylobacteraceae,rank_5,Campylobacter,Root,Bacteria,Campylobacterota,Epsilonproteobacteria,Campylobacterales,Campylobacteraceae,Campylobacter
Pseudomonadota,Bacteria,rank_1,Pseudomonadota,Root,Bacteria,Pseudomonadota,,,,
Alphaproteobacteria,Pseudomonadota,rank_2,Alphaproteobacteria,Root,Bacteria,Pseudomonadota,Alphaproteobacteria,,,
Rhodobacterales,Alphaproteobacteria,rank_3,Rhodobacterales,Root,Bacteria,Pseudomonadota,Alphaproteobacteria,Rhodobacterales,,
Paracoccaceae,Rhodobacterales,rank_4,Paracoccaceae,Root,Bacteria,Pseudomonadota,Alphaproteobacteria,Rhodobacterales,Paracoccaceae,
Paracoccus,Paracoccaceae,rank_5,Paracoccus,Root,Bacteria,Pseudomonadota,Alphaproteobacteria,Rhodobacterales,Paracoccaceae,Paracoccus
Betaproteobacteria,Pseudomonadota,rank_2,Betaproteobacteria,Root,Bacteria,Pseudomonadota,Betaproteobacteria,,,
Rhodocyclales,Betaproteobacteria,rank_3,Rhodocyclales,Root,Bacteria,Pseudomonadota,Betaproteobacteria,Rhodocyclales,,
Zoogloeaceae,Rhodocyclales,rank_4,Zoogloeaceae,Root,Bacteria,Pseudomonadota,Betaproteobacteria,Rhodocyclales,Zoogloeaceae,
Azoarcus,Zoogloeaceae,rank_5,Azoarcus,Root,Bacteria,Pseudomonadota,Betaproteobacteria,Rhodocyclales,Zoogloeaceae,Azoarcus
Gammaproteobacteria,Pseudomonadota,rank_2,Gammaproteobacteria,Root,Bacteria,Pseudomonadota,Gammaproteobacteria,,,
Alteromonadales,Gammaproteobacteria,rank_3,Alteromonadales,Root,Bacteria,Pseudomonadota,Gammaproteobacteria,Alteromonadales,,
Psychromonadaceae,Alteromonadales,rank_4,Psychromonadaceae,Root,Bacteria,Pseudomonadota,Gammaproteobacteria,Alteromonadales,Psychromonadaceae,
Psychromonas,Psychromonadaceae,rank_5,Psychromonas,Root,Bacteria,Pseudomonadota,Gammaproteobacteria,Alteromonadales,Psychromonadaceae,Psychromonas
Pseudomonadales,Gammaproteobacteria,rank_3,Pseudomonadales,Root,Bacteria,Pseudomonadota,Gammaproteobacteria,Pseudomonadales,,
Marinobacteraceae,Pseudomonadales,rank_4,Marinobacteraceae,Root,Bacteria,Pseudomonadota,Gammaproteobacteria,Pseudomonadales,Marinobacteraceae,
Marinobacter,Marinobacteraceae,rank_5,Marinobacter,Root,Bacteria,Pseudomonadota,Gammaproteobacteria,Pseudomonadales,Marinobacteraceae,Marinobacter
Burkholderiales,Betaproteobacteria,rank_3,Burkholderiales,Root,Bacteria,Pseudomonadota,Betaproteobacteria,Burkholderiales,,
Comamonadaceae,Burkholderiales,rank_4,Comamonadaceae,Root,Bacteria,Pseudomonadota,Betaproteobacteria,Burkholderiales,Comamonadaceae,
Acidovorax,Comamonadaceae,rank_5,Acidovorax,Root,Bacteria,Pseudomonadota,Betaproteobacteria,Burkholderiales,Comamonadaceae,Acidovorax
Thermoproteota,Bacteria,rank_1,Thermoproteota,Root,Bacteria,Thermoproteota,,,,
Thermoprotei,Thermoproteota,rank_2,Thermoprotei,Root,Bacteria,Thermoproteota,Thermoprotei,,,
Thermoproteales,Thermoprotei,rank_3,Thermoproteales,Root,Bacteria,Thermoproteota,Thermoprotei,Thermoproteales,,
Thermoproteaceae,Thermoproteales,rank_4,Thermoproteaceae,Root,Bacteria,Thermoproteota,Thermoprotei,Thermoproteales,Thermoproteaceae,
Pyrobaculum,Thermoproteaceae,rank_5,Pyrobaculum,Root,Bacteria,Thermoproteota,Thermoprotei,Thermoproteales,Thermoproteaceae,Pyrobaculum
Burkholderiaceae,Burkholderiales,rank_4,Burkholderiaceae,Root,Bacteria,Pseudomonadota,Betaproteobacteria,Burkholderiales,Burkholderiaceae,
Burkholderia,Burkholderiaceae,rank_5,Burkholderia,Root,Bacteria,Pseudomonadota,Betaproteobacteria,Burkholderiales,Burkholderiaceae,Burkholderia
Shewanellaceae,Alteromonadales,rank_4,Shewanellaceae,Root,Bacteria,Pseudomonadota,Gammaproteobacteria,Alteromonadales,Shewanellaceae,
Shewanella,Shewanellaceae,rank_5,Shewanella,Root,Bacteria,Pseudomonadota,Gammaproteobacteria,Alteromonadales,Shewanellaceae,Shewanella
Maribacter,Flavobacteriaceae,rank_5,Maribacter,Root,Bacteria,Bacteroidota,Flavobacteriia,Flavobacteriales,Flavobacteriaceae,Maribacter
Robiginitalea,Flavobacteriaceae,rank_5,Robiginitalea,Root,Bacteria,Bacteroidota,Flavobacteriia,Flavobacteriales,Flavobacteriaceae,Robiginitalea
Bacillota,Bacteria,rank_1,Bacillota,Root,Bacteria,Bacillota,,,,
Bacilli,Bacillota,rank_2,Bacilli,Root,Bacteria,Bacillota,Bacilli,,,
Bacillales,Bacilli,rank_3,Bacillales,Root,Bacteria,Bacillota,Bacilli,Bacillales,,
Bacillaceae,Bacillales,rank_4,Bacillaceae,Root,Bacteria,Bacillota,Bacilli,Bacillales,Bacillaceae,
Geobacillus,Bacillaceae,rank_5,Geobacillus,Root,Bacteria,Bacillota,Bacilli,Bacillales,Bacillaceae,Geobacillus
Pseudomonadaceae,Pseudomonadales,rank_4,Pseudomonadaceae,Root,Bacteria,Pseudomonadota,Gammaproteobacteria,Pseudomonadales,Pseudomonadaceae,
Pseudomonas,Pseudomonadaceae,rank_5,Pseudomonas,Root,Bacteria,Pseudomonadota,Gammaproteobacteria,Pseudomonadales,Pseudomonadaceae,Pseudomonas
Cereibacter,Paracoccaceae,rank_5,Cereibacter,Root,Bacteria,Pseudomonadota,Alphaproteobacteria,Rhodobacterales,Paracoccaceae,Cereibacter
Hyphomicrobiales,Alphaproteobacteria,rank_3,Hyphomicrobiales,Root,Bacteria,Pseudomonadota,Alphaproteobacteria,Hyphomicrobiales,,
Nitrobacteraceae,Hyphomicrobiales,rank_4,Nitrobacteraceae,Root,Bacteria,Pseudomonadota,Alphaproteobacteria,Hyphomicrobiales,Nitrobacteraceae,
Bradyrhizobium,Nitrobacteraceae,rank_5,Bradyrhizobium,Root,Bacteria,Pseudomonadota,Alphaproteobacteria,Hyphomicrobiales,Nitrobacteraceae,Bradyrhizobium
Nautiliales,Epsilonproteobacteria,rank_3,Nautiliales,Root,Bacteria,Campylobacterota,Epsilonproteobacteria,Nautiliales,,
Nitratiruptoraceae,Nautiliales,rank_4,Nitratiruptoraceae,Root,Bacteria,Campylobacterota,Epsilonproteobacteria,Nautiliales,Nitratiruptoraceae,
Nitratiruptor,Nitratiruptoraceae,rank_5,Nitratiruptor,Root,Bacteria,Campylobacterota,Epsilonproteobacteria,Nautiliales,Nitratiruptoraceae,Nitratiruptor
Sulfurovaceae,Campylobacterales,rank_4,Sulfurovaceae,Root,Bacteria,Campylobacterota,Epsilonproteobacteria,Campylobacterales,Sulfurovaceae,
Sulfurovum,Sulfurovaceae,rank_5,Sulfurovum,Root,Bacteria,Campylobacterota,Epsilonproteobacteria,Campylobacterales,Sulfurovaceae,Sulfurovum
Brucellaceae,Hyphomicrobiales,rank_4,Brucellaceae,Root,Bacteria,Pseudomonadota,Alphaproteobacteria,Hyphomicrobiales,Brucellaceae,
Brucella,Brucellaceae,rank_5,Brucella,Root,Bacteria,Pseudomonadota,Alphaproteobacteria,Hyphomicrobiales,Brucellaceae,Brucella
Myxococcota,Bacteria,rank_1,Myxococcota,Root,Bacteria,Myxococcota,,,,
Myxococcia,Myxococcota,rank_2,Myxococcia,Root,Bacteria,Myxococcota,Myxococcia,,,
Myxococcales,Myxococcia,rank_3,Myxococcales,Root,Bacteria,Myxococcota,Myxococcia,Myxococcales,,
Anaeromyxobacteraceae,Myxococcales,rank_4,Anaeromyxobacteraceae,Root,Bacteria,Myxococcota,Myxococcia,Myxococcales,Anaeromyxobacteraceae,
Anaeromyxobacter,Anaeromyxobacteraceae,rank_5,Anaeromyxobacter,Root,Bacteria,Myxococcota,Myxococcia,Myxococcales,Anaeromyxobacteraceae,Anaeromyxobacter
Roseobacteraceae,Rhodobacterales,rank_4,Roseobacteraceae,Root,Bacteria,Pseudomonadota,Alphaproteobacteria,Rhodobacterales,Roseobacteraceae,
Dinoroseobacter,Roseobacteraceae,rank_5,Dinoroseobacter,Root,Bacteria,Pseudomonadota,Alphaproteobacteria,Rhodobacterales,Roseobacteraceae,Dinoroseobacter
Alcaligenaceae,Burkholderiales,rank_4,Alcaligenaceae,Root,Bacteria,Pseudomonadota,Betaproteobacteria,Burkholderiales,Alcaligenaceae,
Bordetella,Alcaligenaceae,rank_5,Bordetella,Root,Bacteria,Pseudomonadota,Betaproteobacteria,Burkholderiales,Alcaligenaceae,Bordetella
Spirochaetota,Bacteria,rank_1,Spirochaetota,Root,Bacteria,Spirochaetota,,,,
Spirochaetia,Spirochaetota,rank_2,Spirochaetia,Root,Bacteria,Spirochaetota,Spirochaetia,,,
Leptospirales,Spirochaetia,rank_3,Leptospirales,Root,Bacteria,Spirochaetota,Spirochaetia,Leptospirales,,
Leptospiraceae,Leptospirales,rank_4,Leptospiraceae,Root,Bacteria,Spirochaetota,Spirochaetia,Leptospirales,Leptospiraceae,
Leptospira,Leptospiraceae,rank_5,Leptospira,Root,Bacteria,Spirochaetota,Spirochaetia,Leptospirales,Leptospiraceae,Leptospira
Methylobacteriaceae,Hyphomicrobiales,rank_4,Methylobacteriaceae,Root,Bacteria,Pseudomonadota,Alphaproteobacteria,Hyphomicrobiales,Methylobacteriaceae,
Methylobacterium,Methylobacteriaceae,rank_5,Methylobacterium,Root,Bacteria,Pseudomonadota,Alphaproteobacteria,Hyphomicrobiales,Methylobacteriaceae,Methylobacterium
Sphaerotilaceae,Burkholderiales,rank_4,Sphaerotilaceae,Root,Bacteria,Pseudomonadota,Betaproteobacteria,Burkholderiales,Sphaerotilaceae,
Leptothrix,Sphaerotilaceae,rank_5,Leptothrix,Root,Bacteria,Pseudomonadota,Betaproteobacteria,Burkholderiales,Sphaerotilaceae,Leptothrix
Verrucomicrobiota,Bacteria,rank_1,Verrucomicrobiota,Root,Bacteria,Verrucomicrobiota,,,,
Opitutae,Verrucomicrobiota,rank_2,Opitutae,Root,Bacteria,Verrucomicrobiota,Opitutae,,,
Opitutales,Opitutae,rank_3,Opitutales,Root,Bacteria,Verrucomicrobiota,Opitutae,Opitutales,,
Opitutaceae,Opitutales,rank_4,Opitutaceae,Root,Bacteria,Verrucomicrobiota,Opitutae,Opitutales,Opitutaceae,
Opitutus,Opitutaceae,rank_5,Opitutus,Root,Bacteria,Verrucomicrobiota,Opitutae,Opitutales,Opitutaceae,Opitutus
Ralstonia,Burkholderiaceae,rank_5,Ralstonia,Root,Bacteria,Pseudomonadota,Betaproteobacteria,Burkholderiales,Burkholderiaceae,Ralstonia
Rhodopseudomonas,Nitrobacteraceae,rank_5,Rhodopseudomonas,Root,Bacteria,Pseudomonadota,Alphaproteobacteria,Hyphomicrobiales,Nitrobacteraceae,Rhodopseudomonas
Rhodospirillales,Alphaproteobacteria,rank_3,Rhodospirillales,Root,Bacteria,Pseudomonadota,Alphaproteobacteria,Rhodospirillales,,
Rhodospirillaceae,Rhodospirillales,rank_4,Rhodospirillaceae,Root,Bacteria,Pseudomonadota,Alphaproteobacteria,Rhodospirillales,Rhodospirillaceae,
Rhodospirillum,Rhodospirillaceae,rank_5,Rhodospirillum,Root,Bacteria,Pseudomonadota,Alphaproteobacteria,Rhodospirillales,Rhodospirillaceae,Rhodospirillum
Oligotropha,Nitrobacteraceae,rank_5,Oligotropha,Root,Bacteria,Pseudomonadota,Alphaproteobacteria,Hyphomicrobiales,Nitrobacteraceae,Oligotropha
Clostridia,Bacillota,rank_2,Clostridia,Root,Bacteria,Bacillota,Clostridia,,,
Eubacteriales,Clostridia,rank_3,Eubacteriales,Root,Bacteria,Bacillota,Clostridia,Eubacteriales,,
Desulfitobacteriaceae,Eubacteriales,rank_4,Desulfitobacteriaceae,Root,Bacteria,Bacillota,Clostridia,Eubacteriales,Desulfitobacteriaceae,
Desulfitobacterium,Desulfitobacteriaceae,rank_5,Desulfitobacterium,Root,Bacteria,Bacillota,Clostridia,Eubacteriales,Desulfitobacteriaceae,Desulfitobacterium
Chromatiales,Gammaproteobacteria,rank_3,Chromatiales,Root,Bacteria,Pseudomonadota,Gammaproteobacteria,Chromatiales,,
Ectothiorhodospiraceae,Chromatiales,rank_4,Ectothiorhodospiraceae,Root,Bacteria,Pseudomonadota,Gammaproteobacteria,Chromatiales,Ectothiorhodospiraceae,
Thioalkalivibrio,Ectothiorhodospiraceae,rank_5,Thioalkalivibrio,Root,Bacteria,Pseudomonadota,Gammaproteobacteria,Chromatiales,Ectothiorhodospiraceae,Thioalkalivibrio
Thermomicrobiota,Bacteria,rank_1,Thermomicrobiota,Root,Bacteria,Thermomicrobiota,,,,
Thermomicrobia,Thermomicrobiota,rank_2,Thermomicrobia,Root,Bacteria,Thermomicrobiota,Thermomicrobia,,,
Thermomicrobiales,Thermomicrobia,rank_3,Thermomicrobiales,Root,Bacteria,Thermomicrobiota,Thermomicrobia,Thermomicrobiales,,
Thermomicrobiaceae,Thermomicrobiales,rank_4,Thermomicrobiaceae,Root,Bacteria,Thermomicrobiota,Thermomicrobia,Thermomicrobiales,Thermomicrobiaceae,
Thermomicrobium,Thermomicrobiaceae,rank_5,Thermomicrobium,Root,Bacteria,Thermomicrobiota,Thermomicrobia,Thermomicrobiales,Thermomicrobiaceae,Thermomicrobium
Euryarchaeota,Bacteria,rank_1,Euryarchaeota,Root,Bacteria,Euryarchaeota,,,,
Halobacteria,Euryarchaeota,rank_2,Halobacteria,Root,Bacteria,Euryarchaeota,Halobacteria,,,
Haloferacales,Halobacteria,rank_3,Haloferacales,Root,Bacteria,Euryarchaeota,Halobacteria,Haloferacales,,
Halorubraceae,Haloferacales,rank_4,Halorubraceae,Root,Bacteria,Euryarchaeota,Halobacteria,Haloferacales,Halorubraceae,
Halorubrum,Halorubraceae,rank_5,Halorubrum,Root,Bacteria,Euryarchaeota,Halobacteria,Haloferacales,Halorubraceae,Halorubrum
Diaphorobacter,Comamonadaceae,rank_5,Diaphorobacter,Root,Bacteria,Pseudomonadota,Betaproteobacteria,Burkholderiales,Comamonadaceae,Diaphorobacter
Aquificota,Bacteria,rank_1,Aquificota,Root,Bacteria,Aquificota,,,,
Aquificae,Aquificota,rank_2,Aquificae,Root,Bacteria,Aquificota,Aquificae,,,
Aquificales,Aquificae,rank_3,Aquificales,Root,Bacteria,Aquificota,Aquificae,Aquificales,,
Hydrogenothermaceae,Aquificales,rank_4,Hydrogenothermaceae,Root,Bacteria,Aquificota,Aquificae,Aquificales,Hydrogenothermaceae,
Persephonella,Hydrogenothermaceae,rank_5,Persephonella,Root,Bacteria,Aquificota,Aquificae,Aquificales,Hydrogenothermaceae,Persephonella
Gemmatimonadota,Bacteria,rank_1,Gemmatimonadota,Root,Bacteria,Gemmatimonadota,,,,
Gemmatimonadetes,Gemmatimonadota,rank_2,Gemmatimonadetes,Root,Bacteria,Gemmatimonadota,Gemmatimonadetes,,,
Gemmatimonadales,Gemmatimonadetes,rank_3,Gemmatimonadales,Root,Bacteria,Gemmatimonadota,Gemmatimonadetes,Gemmatimonadales,,
Gemmatimonadaceae,Gemmatimonadales,rank_4,Gemmatimonadaceae,Root,Bacteria,Gemmatimonadota,Gemmatimonadetes,Gemmatimonadales,Gemmatimonadaceae,
Gemmatimonas,Gemmatimonadaceae,rank_5,Gemmatimonas,Root,Bacteria,Gemmatimonadota,Gemmatimonadetes,Gemmatimonadales,Gemmatimonadaceae,Gemmatimonas
Thauera,Zoogloeaceae,rank_5,Thauera,Root,Bacteria,Pseudomonadota,Betaproteobacteria,Rhodocyclales,Zoogloeaceae,Thauera
Cytophagia,Bacteroidota,rank_2,Cytophagia,Root,Bacteria,Bacteroidota,Cytophagia,,,
Cytophagales,Cytophagia,rank_3,Cytophagales,Root,Bacteria,Bacteroidota,Cytophagia,Cytophagales,,
Spirosomataceae,Cytophagales,rank_4,Spirosomataceae,Root,Bacteria,Bacteroidota,Cytophagia,Cytophagales,Spirosomataceae,
Dyadobacter,Spirosomataceae,rank_5,Dyadobacter,Root,Bacteria,Bacteroidota,Cytophagia,Cytophagales,Spirosomataceae,Dyadobacter
Rhodothermota,Bacteria,rank_1,Rhodothermota,Root,Bacteria,Rhodothermota,,,,
Rhodothermia,Rhodothermota,rank_2,Rhodothermia,Root,Bacteria,Rhodothermota,Rhodothermia,,,
Rhodothermales,Rhodothermia,rank_3,Rhodothermales,Root,Bacteria,Rhodothermota,Rhodothermia,Rhodothermales,,
Rhodothermaceae,Rhodothermales,rank_4,Rhodothermaceae,Root,Bacteria,Rhodothermota,Rhodothermia,Rhodothermales,Rhodothermaceae,
Rhodothermus,Rhodothermaceae,rank_5,Rhodothermus,Root,Bacteria,Rhodothermota,Rhodothermia,Rhodothermales,Rhodothermaceae,Rhodothermus
Sphaerobacterales,Thermomicrobia,rank_3,Sphaerobacterales,Root,Bacteria,Thermomicrobiota,Thermomicrobia,Sphaerobacterales,,
Sphaerobacteraceae,Sphaerobacterales,rank_4,Sphaerobacteraceae,Root,Bacteria,Thermomicrobiota,Thermomicrobia,Sphaerobacterales,Sphaerobacteraceae,
Sphaerobacter,Sphaerobacteraceae,rank_5,Sphaerobacter,Root,Bacteria,Thermomicrobiota,Thermomicrobia,Sphaerobacterales,Sphaerobacteraceae,Sphaerobacter
Aquificaceae,Aquificales,rank_4,Aquificaceae,Root,Bacteria,Aquificota,Aquificae,Aquificales,Aquificaceae,
Hydrogenobacter,Aquificaceae,rank_5,Hydrogenobacter,Root,Bacteria,Aquificota,Aquificae,Aquificales,Aquificaceae,Hydrogenobacter
Archaeoglobi,Euryarchaeota,rank_2,Archaeoglobi,Root,Bacteria,Euryarchaeota,Archaeoglobi,,,
Archaeoglobales,Archaeoglobi,rank_3,Archaeoglobales,Root,Bacteria,Euryarchaeota,Archaeoglobi,Archaeoglobales,,
Archaeoglobaceae,Archaeoglobales,rank_4,Archaeoglobaceae,Root,Bacteria,Euryarchaeota,Archaeoglobi,Archaeoglobales,Archaeoglobaceae,
Ferroglobus,Archaeoglobaceae,rank_5,Ferroglobus,Root,Bacteria,Euryarchaeota,Archaeoglobi,Archaeoglobales,Archaeoglobaceae,Ferroglobus
Deferribacterota,Bacteria,rank_1,Deferribacterota,Root,Bacteria,Deferribacterota,,,,
Deferribacteres,Deferribacterota,rank_2,Deferribacteres,Root,Bacteria,Deferribacterota,Deferribacteres,,,
Deferribacterales,Deferribacteres,rank_3,Deferribacterales,Root,Bacteria,Deferribacterota,Deferribacteres,Deferribacterales,,
Geovibrionaceae,Deferribacterales,rank_4,Geovibrionaceae,Root,Bacteria,Deferribacterota,Deferribacteres,Deferribacterales,Geovibrionaceae,
Denitrovibrio,Geovibrionaceae,rank_5,Denitrovibrio,Root,Bacteria,Deferribacterota,Deferribacteres,Deferribacterales,Geovibrionaceae,Denitrovibrio
Rhodobacter,Paracoccaceae,rank_5,Rhodobacter,Root,Bacteria,Pseudomonadota,Alphaproteobacteria,Rhodobacterales,Paracoccaceae,Rhodobacter
Salinibacteraceae,Rhodothermales,rank_4,Salinibacteraceae,Root,Bacteria,Rhodothermota,Rhodothermia,Rhodothermales,Salinibacteraceae,
Salinibacter,Salinibacteraceae,rank_5,Salinibacter,Root,Bacteria,Rhodothermota,Rhodothermia,Rhodothermales,Salinibacteraceae,Salinibacter
Hyphomicrobiaceae,Hyphomicrobiales,rank_4,Hyphomicrobiaceae,Root,Bacteria,Pseudomonadota,Alphaproteobacteria,Hyphomicrobiales,Hyphomicrobiaceae,
Hyphomicrobium,Hyphomicrobiaceae,rank_5,Hyphomicrobium,Root,Bacteria,Pseudomonadota,Alphaproteobacteria,Hyphomicrobiales,Hyphomicrobiaceae,Hyphomicrobium
Sulfurimonadaceae,Campylobacterales,rank_4,Sulfurimonadaceae,Root,Bacteria,Campylobacterota,Epsilonproteobacteria,Campylobacterales,Sulfurimonadaceae,
Sulfurimonas,Sulfurimonadaceae,rank_5,Sulfurimonas,Root,Bacteria,Campylobacterota,Epsilonproteobacteria,Campylobacterales,Sulfurimonadaceae,Sulfurimonas
Achromobacter,Alcaligenaceae,rank_5,Achromobacter,Root,Bacteria,Pseudomonadota,Betaproteobacteria,Burkholderiales,Alcaligenaceae,Achromobacter
Haloferacaceae,Haloferacales,rank_4,Haloferacaceae,Root,Bacteria,Euryarchaeota,Halobacteria,Haloferacales,Haloferacaceae,
Halogeometricum,Haloferacaceae,rank_5,Halogeometricum,Root,Bacteria,Euryarchaeota,Halobacteria,Haloferacales,Haloferacaceae,Halogeometricum
Weeksellaceae,Flavobacteriales,rank_4,Weeksellaceae,Root,Bacteria,Bacteroidota,Flavobacteriia,Flavobacteriales,Weeksellaceae,
Riemerella,Weeksellaceae,rank_5,Riemerella,Root,Bacteria,Bacteroidota,Flavobacteriia,Flavobacteriales,Weeksellaceae,Riemerella
Marivirgaceae,Cytophagales,rank_4,Marivirgaceae,Root,Bacteria,Bacteroidota,Cytophagia,Cytophagales,Marivirgaceae,
Marivirga,Marivirgaceae,rank_5,Marivirga,Root,Bacteria,Bacteroidota,Cytophagia,Cytophagales,Marivirgaceae,Marivirga
Neisseriales,Betaproteobacteria,rank_3,Neisseriales,Root,Bacteria,Pseudomonadota,Betaproteobacteria,Neisseriales,,
Neisseriaceae,Neisseriales,rank_4,Neisseriaceae,Root,Bacteria,Pseudomonadota,Betaproteobacteria,Neisseriales,Neisseriaceae,
Neisseria,Neisseriaceae,rank_5,Neisseria,Root,Bacteria,Pseudomonadota,Betaproteobacteria,Neisseriales,Neisseriaceae,Neisseria
Nitratifractor,Sulfurovaceae,rank_5,Nitratifractor,Root,Bacteria,Campylobacterota,Epsilonproteobacteria,Campylobacterales,Sulfurovaceae,Nitratifractor
Cellulophaga,Flavobacteriaceae,rank_5,Cellulophaga,Root,Bacteria,Bacteroidota,Flavobacteriia,Flavobacteriales,Flavobacteriaceae,Cellulophaga
Alicycliphilus,Comamonadaceae,rank_5,Alicycliphilus,Root,Bacteria,Pseudomonadota,Betaproteobacteria,Burkholderiales,Comamonadaceae,Alicycliphilus
Sphingobacteriia,Bacteroidota,rank_2,Sphingobacteriia,Root,Bacteria,Bacteroidota,Sphingobacteriia,,,
Sphingobacteriales,Sphingobacteriia,rank_3,Sphingobacteriales,Root,Bacteria,Bacteroidota,Sphingobacteriia,Sphingobacteriales,,
Sphingobacteriaceae,Sphingobacteriales,rank_4,Sphingobacteriaceae,Root,Bacteria,Bacteroidota,Sphingobacteriia,Sphingobacteriales,Sphingobacteriaceae,
Pseudopedobacter,Sphingobacteriaceae,rank_5,Pseudopedobacter,Root,Bacteria,Bacteroidota,Sphingobacteriia,Sphingobacteriales,Sphingobacteriaceae,Pseudopedobacter
Polymorphum,Paracoccaceae,rank_5,Polymorphum,Root,Bacteria,Pseudomonadota,Alphaproteobacteria,Rhodobacterales,Paracoccaceae,Polymorphum
Bacteroidia,Bacteroidota,rank_2,Bacteroidia,Root,Bacteria,Bacteroidota,Bacteroidia,,,
Bacteroidales,Bacteroidia,rank_3,Bacteroidales,Root,Bacteria,Bacteroidota,Bacteroidia,Bacteroidales,,
Prevotellaceae,Bacteroidales,rank_4,Prevotellaceae,Root,Bacteria,Bacteroidota,Bacteroidia,Bacteroidales,Prevotellaceae,
Prevotella,Prevotellaceae,rank_5,Prevotella,Root,Bacteria,Bacteroidota,Bacteroidia,Bacteroidales,Prevotellaceae,Prevotella
Saprospiria,Bacteroidota,rank_2,Saprospiria,Root,Bacteria,Bacteroidota,Saprospiria,,,
Saprospirales,Saprospiria,rank_3,Saprospirales,Root,Bacteria,Bacteroidota,Saprospiria,Saprospirales,,
Haliscomenobacteraceae,Saprospirales,rank_4,Haliscomenobacteraceae,Root,Bacteria,Bacteroidota,Saprospiria,Saprospirales,Haliscomenobacteraceae,
Haliscomenobacter,Haliscomenobacteraceae,rank_5,Haliscomenobacter,Root,Bacteria,Bacteroidota,Saprospiria,Saprospirales,Haliscomenobacteraceae,Haliscomenobacter
Peptococcaceae,Eubacteriales,rank_4,Peptococcaceae,Root,Bacteria,Bacillota,Clostridia,Eubacteriales,Peptococcaceae,
Desulforamulus,Peptococcaceae,rank_5,Desulforamulus,Root,Bacteria,Bacillota,Clostridia,Eubacteriales,Peptococcaceae,Desulforamulus
Roseobacter,Roseobacteraceae,rank_5,Roseobacter,Root,Bacteria,Pseudomonadota,Alphaproteobacteria,Rhodobacterales,Roseobacteraceae,Roseobacter
Natrialbales,Halobacteria,rank_3,Natrialbales,Root,Bacteria,Euryarchaeota,Halobacteria,Natrialbales,,
Natrialbaceae,Natrialbales,rank_4,Natrialbaceae,Root,Bacteria,Euryarchaeota,Halobacteria,Natrialbales,Natrialbaceae,
Halopiger,Natrialbaceae,rank_5,Halopiger,Root,Bacteria,Euryarchaeota,Halobacteria,Natrialbales,Natrialbaceae,Halopiger
Runella,Spirosomataceae,rank_5,Runella,Root,Bacteria,Bacteroidota,Cytophagia,Cytophagales,Spirosomataceae,Runella
Halobacteriales,Halobacteria,rank_3,Halobacteriales,Root,Bacteria,Euryarchaeota,Halobacteria,Halobacteriales,,
Haloarculaceae,Halobacteriales,rank_4,Haloarculaceae,Root,Bacteria,Euryarchaeota,Halobacteria,Halobacteriales,Haloarculaceae,
Haloarcula,Haloarculaceae,rank_5,Haloarcula,Root,Bacteria,Euryarchaeota,Halobacteria,Halobacteriales,Haloarculaceae,Haloarcula
Zobellia,Flavobacteriaceae,rank_5,Zobellia,Root,Bacteria,Bacteroidota,Flavobacteriia,Flavobacteriales,Flavobacteriaceae,Zobellia
Allomuricauda,Flavobacteriaceae,rank_5,Allomuricauda,Root,Bacteria,Bacteroidota,Flavobacteriia,Flavobacteriales,Flavobacteriaceae,Allomuricauda
Azospirillaceae,Rhodospirillales,rank_4,Azospirillaceae,Root,Bacteria,Pseudomonadota,Alphaproteobacteria,Rhodospirillales,Azospirillaceae,
Azospirillum,Azospirillaceae,rank_5,Azospirillum,Root,Bacteria,Pseudomonadota,Alphaproteobacteria,Rhodospirillales,Azospirillaceae,Azospirillum
Stappiaceae,Hyphomicrobiales,rank_4,Stappiaceae,Root,Bacteria,Pseudomonadota,Alphaproteobacteria,Hyphomicrobiales,Stappiaceae,
Pseudovibrio,Stappiaceae,rank_5,Pseudovibrio,Root,Bacteria,Pseudomonadota,Alphaproteobacteria,Hyphomicrobiales,Stappiaceae,Pseudovibrio
Rhodocyclaceae,Rhodocyclales,rank_4,Rhodocyclaceae,Root,Bacteria,Pseudomonadota,Betaproteobacteria,Rhodocyclales,Rhodocyclaceae,
Azospira,Rhodocyclaceae,rank_5,Azospira,Root,Bacteria,Pseudomonadota,Betaproteobacteria,Rhodocyclales,Rhodocyclaceae,Azospira
Owenweeksiaceae,Flavobacteriales,rank_4,Owenweeksiaceae,Root,Bacteria,Bacteroidota,Flavobacteriia,Flavobacteriales,Owenweeksiaceae,
Owenweeksia,Owenweeksiaceae,rank_5,Owenweeksia,Root,Bacteria,Bacteroidota,Flavobacteriia,Flavobacteriales,Owenweeksiaceae,Owenweeksia
Chitinophagia,Bacteroidota,rank_2,Chitinophagia,Root,Bacteria,Bacteroidota,Chitinophagia,,,
Chitinophagales,Chitinophagia,rank_3,Chitinophagales,Root,Bacteria,Bacteroidota,Chitinophagia,Chitinophagales,,
Chitinophagaceae,Chitinophagales,rank_4,Chitinophagaceae,Root,Bacteria,Bacteroidota,Chitinophagia,Chitinophagales,Chitinophagaceae,
Niastella,Chitinophagaceae,rank_5,Niastella,Root,Bacteria,Bacteroidota,Chitinophagia,Chitinophagales,Chitinophagaceae,Niastella
Flavobacterium,Flavobacteriaceae,rank_5,Flavobacterium,Root,Bacteria,Bacteroidota,Flavobacteriia,Flavobacteriales,Flavobacteriaceae,Flavobacterium
Solitalea,Sphingobacteriaceae,rank_5,Solitalea,Root,Bacteria,Bacteroidota,Sphingobacteriia,Sphingobacteriales,Sphingobacteriaceae,Solitalea
Chlorobiota,Bacteria,rank_1,Chlorobiota,Root,Bacteria,Chlorobiota,,,,
Ignavibacteria,Chlorobiota,rank_2,Ignavibacteria,Root,Bacteria,Chlorobiota,Ignavibacteria,,,
Ignavibacteriales,Ignavibacteria,rank_3,Ignavibacteriales,Root,Bacteria,Chlorobiota,Ignavibacteria,Ignavibacteriales,,
Ignavibacteriaceae,Ignavibacteriales,rank_4,Ignavibacteriaceae,Root,Bacteria,Chlorobiota,Ignavibacteria,Ignavibacteriales,Ignavibacteriaceae,
Iavibacterium,Ignavibacteriaceae,rank_5,Iavibacterium,Root,Bacteria,Chlorobiota,Ignavibacteria,Ignavibacteriales,Ignavibacteriaceae,Iavibacterium
Rubrivivax,Sphaerotilaceae,rank_5,Rubrivivax,Root,Bacteria,Pseudomonadota,Betaproteobacteria,Burkholderiales,Sphaerotilaceae,Rubrivivax
Chloroflexota,Bacteria,rank_1,Chloroflexota,Root,Bacteria,Chloroflexota,,,,
Caldilineae,Chloroflexota,rank_2,Caldilineae,Root,Bacteria,Chloroflexota,Caldilineae,,,
Caldilineales,Caldilineae,rank_3,Caldilineales,Root,Bacteria,Chloroflexota,Caldilineae,Caldilineales,,
Caldilineaceae,Caldilineales,rank_4,Caldilineaceae,Root,Bacteria,Chloroflexota,Caldilineae,Caldilineales,Caldilineaceae,
Caldilinea,Caldilineaceae,rank_5,Caldilinea,Root,Bacteria,Chloroflexota,Caldilineae,Caldilineales,Caldilineaceae,Caldilinea
Haloferax,Haloferacaceae,rank_5,Haloferax,Root,Bacteria,Euryarchaeota,Halobacteria,Haloferacales,Haloferacaceae,Haloferax
Rhizobiaceae,Hyphomicrobiales,rank_4,Rhizobiaceae,Root,Bacteria,Pseudomonadota,Alphaproteobacteria,Hyphomicrobiales,Rhizobiaceae,
Sinorhizobium,Rhizobiaceae,rank_5,Sinorhizobium,Root,Bacteria,Pseudomonadota,Alphaproteobacteria,Hyphomicrobiales,Rhizobiaceae,Sinorhizobium
Aequorivita,Flavobacteriaceae,rank_5,Aequorivita,Root,Bacteria,Bacteroidota,Flavobacteriia,Flavobacteriales,Flavobacteriaceae,Aequorivita
Cyclobacteriaceae,Cytophagales,rank_4,Cyclobacteriaceae,Root,Bacteria,Bacteroidota,Cytophagia,Cytophagales,Cyclobacteriaceae,
Belliella,Cyclobacteriaceae,rank_5,Belliella,Root,Bacteria,Bacteroidota,Cytophagia,Cytophagales,Cyclobacteriaceae,Belliella
Thermodesulfobacteriota,Bacteria,rank_1,Thermodesulfobacteriota,Root,Bacteria,Thermodesulfobacteriota,,,,
Desulfomonilia,Thermodesulfobacteriota,rank_2,Desulfomonilia,Root,Bacteria,Thermodesulfobacteriota,Desulfomonilia,,,
Desulfomonilales,Desulfomonilia,rank_3,Desulfomonilales,Root,Bacteria,Thermodesulfobacteriota,Desulfomonilia,Desulfomonilales,,
Desulfomonilaceae,Desulfomonilales,rank_4,Desulfomonilaceae,Root,Bacteria,Thermodesulfobacteriota,Desulfomonilia,Desulfomonilales,Desulfomonilaceae,
Desulfomonile,Desulfomonilaceae,rank_5,Desulfomonile,Root,Bacteria,Thermodesulfobacteriota,Desulfomonilia,Desulfomonilales,Desulfomonilaceae,Desulfomonile
Stutzerimonas,Pseudomonadaceae,rank_5,Stutzerimonas,Root,Bacteria,Pseudomonadota,Gammaproteobacteria,Pseudomonadales,Pseudomonadaceae,Stutzerimonas
Melioribacteraceae,Ignavibacteriales,rank_4,Melioribacteraceae,Root,Bacteria,Chlorobiota,Ignavibacteria,Ignavibacteriales,Melioribacteraceae,
Melioribacter,Melioribacteraceae,rank_5,Melioribacter,Root,Bacteria,Chlorobiota,Ignavibacteria,Ignavibacteriales,Melioribacteraceae,Melioribacter
Desulfosporosinus,Desulfitobacteriaceae,rank_5,Desulfosporosinus,Root,Bacteria,Bacillota,Clostridia,Eubacteriales,Desulfitobacteriaceae,Desulfosporosinus
Oceanospirillales,Gammaproteobacteria,rank_3,Oceanospirillales,Root,Bacteria,Pseudomonadota,Gammaproteobacteria,Oceanospirillales,,
Alcanivoracaceae,Oceanospirillales,rank_4,Alcanivoracaceae,Root,Bacteria,Pseudomonadota,Gammaproteobacteria,Oceanospirillales,Alcanivoracaceae,
Alloalcanivorax,Alcanivoracaceae,rank_5,Alloalcanivorax,Root,Bacteria,Pseudomonadota,Gammaproteobacteria,Oceanospirillales,Alcanivoracaceae,Alloalcanivorax
Psychroflexus,Flavobacteriaceae,rank_5,Psychroflexus,Root,Bacteria,Bacteroidota,Flavobacteriia,Flavobacteriales,Flavobacteriaceae,Psychroflexus
Natronococcus,Natrialbaceae,rank_5,Natronococcus,Root,Bacteria,Euryarchaeota,Halobacteria,Natrialbales,Natrialbaceae,Natronococcus
Xanthomonadales,Gammaproteobacteria,rank_3,Xanthomonadales,Root,Bacteria,Pseudomonadota,Gammaproteobacteria,Xanthomonadales,,
Rhodanobacteraceae,Xanthomonadales,rank_4,Rhodanobacteraceae,Root,Bacteria,Pseudomonadota,Gammaproteobacteria,Xanthomonadales,Rhodanobacteraceae,
Rhodanobacter,Rhodanobacteraceae,rank_5,Rhodanobacter,Root,Bacteria,Pseudomonadota,Gammaproteobacteria,Xanthomonadales,Rhodanobacteraceae,Rhodanobacter
Alkalilimnicola,Ectothiorhodospiraceae,rank_5,Alkalilimnicola,Root,Bacteria,Pseudomonadota,Gammaproteobacteria,Chromatiales,Ectothiorhodospiraceae,Alkalilimnicola
Cupriavidus,Burkholderiaceae,rank_5,Cupriavidus,Root,Bacteria,Pseudomonadota,Betaproteobacteria,Burkholderiales,Burkholderiaceae,Cupriavidus
Rhodoferax,Comamonadaceae,rank_5,Rhodoferax,Root,Bacteria,Pseudomonadota,Betaproteobacteria,Burkholderiales,Comamonadaceae,Rhodoferax
Hahellaceae,Oceanospirillales,rank_4,Hahellaceae,Root,Bacteria,Pseudomonadota,Gammaproteobacteria,Oceanospirillales,Hahellaceae,
Hahella,Hahellaceae,rank_5,Hahella,Root,Bacteria,Pseudomonadota,Gammaproteobacteria,Oceanospirillales,Hahellaceae,Hahella
Maetospirillum,Rhodospirillaceae,rank_5,Maetospirillum,Root,Bacteria,Pseudomonadota,Alphaproteobacteria,Rhodospirillales,Rhodospirillaceae,Maetospirillum
Nitrosomonadales,Betaproteobacteria,rank_3,Nitrosomonadales,Root,Bacteria,Pseudomonadota,Betaproteobacteria,Nitrosomonadales,,
Thiobacillaceae,Nitrosomonadales,rank_4,Thiobacillaceae,Root,Bacteria,Pseudomonadota,Betaproteobacteria,Nitrosomonadales,Thiobacillaceae,
Thiobacillus,Thiobacillaceae,rank_5,Thiobacillus,Root,Bacteria,Pseudomonadota,Betaproteobacteria,Nitrosomonadales,Thiobacillaceae,Thiobacillus
Azonexaceae,Rhodocyclales,rank_4,Azonexaceae,Root,Bacteria,Pseudomonadota,Betaproteobacteria,Rhodocyclales,Azonexaceae,
Dechloromonas,Azonexaceae,rank_5,Dechloromonas,Root,Bacteria,Pseudomonadota,Betaproteobacteria,Rhodocyclales,Azonexaceae,Dechloromonas
Colwelliaceae,Alteromonadales,rank_4,Colwelliaceae,Root,Bacteria,Pseudomonadota,Gammaproteobacteria,Alteromonadales,Colwelliaceae,
Colwellia,Colwelliaceae,rank_5,Colwellia,Root,Bacteria,Pseudomonadota,Gammaproteobacteria,Alteromonadales,Colwelliaceae,Colwellia
Ruegeria,Roseobacteraceae,rank_5,Ruegeria,Root,Bacteria,Pseudomonadota,Alphaproteobacteria,Rhodobacterales,Roseobacteraceae,Ruegeria
Aromatoleum,Rhodocyclaceae,rank_5,Aromatoleum,Root,Bacteria,Pseudomonadota,Betaproteobacteria,Rhodocyclales,Rhodocyclaceae,Aromatoleum
Vibrionales,Gammaproteobacteria,rank_3,Vibrionales,Root,Bacteria,Pseudomonadota,Gammaproteobacteria,Vibrionales,,
Vibrionaceae,Vibrionales,rank_4,Vibrionaceae,Root,Bacteria,Pseudomonadota,Gammaproteobacteria,Vibrionales,Vibrionaceae,
Photobacterium,Vibrionaceae,rank_5,Photobacterium,Root,Bacteria,Pseudomonadota,Gammaproteobacteria,Vibrionales,Vibrionaceae,Photobacterium
Sulfuricellaceae,Nitrosomonadales,rank_4,Sulfuricellaceae,Root,Bacteria,Pseudomonadota,Betaproteobacteria,Nitrosomonadales,Sulfuricellaceae,
Sulfuricella,Sulfuricellaceae,rank_5,Sulfuricella,Root,Bacteria,Pseudomonadota,Betaproteobacteria,Nitrosomonadales,Sulfuricellaceae,Sulfuricella
Gallionellaceae,Burkholderiales,rank_4,Gallionellaceae,Root,Bacteria,Pseudomonadota,Betaproteobacteria,Burkholderiales,Gallionellaceae,
Gallionella,Gallionellaceae,rank_5,Gallionella,Root,Bacteria,Pseudomonadota,Betaproteobacteria,Burkholderiales,Gallionellaceae,Gallionella
GWC2-55-46,Thermodesulfobacteriota,rank_2,GWC2-55-46,Root,Bacteria,Thermodesulfobacteriota,GWC2-55-46,,,
UBA9637,GWC2-55-46,rank_3,UBA9637,Root,Bacteria,Thermodesulfobacteriota,GWC2-55-46,UBA9637,,
GWC2-42-11,UBA9637,rank_4,GWC2-42-11,Root,Bacteria,Thermodesulfobacteriota,GWC2-55-46,UBA9637,GWC2-42-11,
Nitrospinota,Bacteria,rank_1,Nitrospinota,Root,Bacteria,Nitrospinota,,,,
UBA9942,Nitrospinota,rank_2,UBA9942,Root,Bacteria,Nitrospinota,UBA9942,,,
2-02-FULL-58-16,Rhodospirillales,rank_4,2-02-FULL-58-16,Root,Bacteria,Pseudomonadota,Alphaproteobacteria,Rhodospirillales,2-02-FULL-58-16,
HTCC2089,Pseudomonadales,rank_4,HTCC2089,Root,Bacteria,Pseudomonadota,Gammaproteobacteria,Pseudomonadales,HTCC2089,
GCA-002726655,HTCC2089,rank_5,GCA-002726655,Root,Bacteria,Pseudomonadota,Gammaproteobacteria,Pseudomonadales,HTCC2089,GCA-002726655
VIKH01,Gallionellaceae,rank_5,VIKH01,Root,Bacteria,Pseudomonadota,Betaproteobacteria,Burkholderiales,Gallionellaceae,VIKH01
Desulfovibrionia,Thermodesulfobacteriota,rank_2,Desulfovibrionia,Root,Bacteria,Thermodesulfobacteriota,Desulfovibrionia,,,
Desulfovibrionales,Desulfovibrionia,rank_3,Desulfovibrionales,Root,Bacteria,Thermodesulfobacteriota,Desulfovibrionia,Desulfovibrionales,,
Desulfovibrionaceae,Desulfovibrionales,rank_4,Desulfovibrionaceae,Root,Bacteria,Thermodesulfobacteriota,Desulfovibrionia,Desulfovibrionales,Desulfovibrionaceae,
WRHT01,Desulfovibrionaceae,rank_5,WRHT01,Root,Bacteria,Thermodesulfobacteriota,Desulfovibrionia,Desulfovibrionales,Desulfovibrionaceae,WRHT01
Arenicellales,Gammaproteobacteria,rank_3,Arenicellales,Root,Bacteria,Pseudomonadota,Gammaproteobacteria,Arenicellales,,
BMS3Bbin11,Arenicellales,rank_4,BMS3Bbin11,Root,Bacteria,Pseudomonadota,Gammaproteobacteria,Arenicellales,BMS3Bbin11,
Sedimenticolaceae,Chromatiales,rank_4,Sedimenticolaceae,Root,Bacteria,Pseudomonadota,Gammaproteobacteria,Chromatiales,Sedimenticolaceae,
DRKS01,Sedimenticolaceae,rank_5,DRKS01,Root,Bacteria,Pseudomonadota,Gammaproteobacteria,Chromatiales,Sedimenticolaceae,DRKS01
SZUA-152,Gammaproteobacteria,rank_3,SZUA-152,Root,Bacteria,Pseudomonadota,Gammaproteobacteria,SZUA-152,,
UBA7883,Nitrospinota,rank_2,UBA7883,Root,Bacteria,Nitrospinota,UBA7883,,,
Magnetococcia,Pseudomonadota,rank_2,Magnetococcia,Root,Bacteria,Pseudomonadota,Magnetococcia,,,
Magnetococcales,Magnetococcia,rank_3,Magnetococcales,Root,Bacteria,Pseudomonadota,Magnetococcia,Magnetococcales,,
JADFZT01,Magnetococcales,rank_4,JADFZT01,Root,Bacteria,Pseudomonadota,Magnetococcia,Magnetococcales,JADFZT01,
Casimicrobiaceae,Burkholderiales,rank_4,Casimicrobiaceae,Root,Bacteria,Pseudomonadota,Betaproteobacteria,Burkholderiales,Casimicrobiaceae,
JACPUX01,Casimicrobiaceae,rank_5,JACPUX01,Root,Bacteria,Pseudomonadota,Betaproteobacteria,Burkholderiales,Casimicrobiaceae,JACPUX01
JACRGQ01,UBA7883,rank_3,JACRGQ01,Root,Bacteria,Nitrospinota,UBA7883,JACRGQ01,,
Nitrospirota,Bacteria,rank_1,Nitrospirota,Root,Bacteria,Nitrospirota,,,,
9FT-COMBO-42-15,Nitrospirota,rank_2,9FT-COMBO-42-15,Root,Bacteria,Nitrospirota,9FT-COMBO-42-15,,,
FW602-bin22,Chloroflexota,rank_2,FW602-bin22,Root,Bacteria,Chloroflexota,FW602-bin22,,,
JACRGO01,Nitrospinota,rank_2,JACRGO01,Root,Bacteria,Nitrospinota,JACRGO01,,,
HDB-SIOI813,9FT-COMBO-42-15,rank_3,HDB-SIOI813,Root,Bacteria,Nitrospirota,9FT-COMBO-42-15,HDB-SIOI813,,
JAENJC01,Thermodesulfobacteriota,rank_2,JAENJC01,Root,Bacteria,Thermodesulfobacteriota,JAENJC01,,,
UBA9659,HTCC2089,rank_5,UBA9659,Root,Bacteria,Pseudomonadota,Gammaproteobacteria,Pseudomonadales,HTCC2089,UBA9659
Halieaceae,Pseudomonadales,rank_4,Halieaceae,Root,Bacteria,Pseudomonadota,Gammaproteobacteria,Pseudomonadales,Halieaceae,
Halioglobus,Halieaceae,rank_5,Halioglobus,Root,Bacteria,Pseudomonadota,Gammaproteobacteria,Pseudomonadales,Halieaceae,Halioglobus
JAABTG01,Gammaproteobacteria,rank_3,JAABTG01,Root,Bacteria,Pseudomonadota,Gammaproteobacteria,JAABTG01,,
SPNT01,Rhizobiaceae,rank_5,SPNT01,Root,Bacteria,Pseudomonadota,Alphaproteobacteria,Hyphomicrobiales,Rhizobiaceae,SPNT01
Bin65,Alphaproteobacteria,rank_3,Bin65,Root,Bacteria,Pseudomonadota,Alphaproteobacteria,Bin65,,
GWC2-71-9,Gemmatimonadales,rank_4,GWC2-71-9,Root,Bacteria,Gemmatimonadota,Gemmatimonadetes,Gemmatimonadales,GWC2-71-9,
Patescibacteria,Bacteria,rank_1,Patescibacteria,Root,Bacteria,Patescibacteria,,,,
Paceibacteria,Patescibacteria,rank_2,Paceibacteria,Root,Bacteria,Patescibacteria,Paceibacteria,,,
Moranbacterales,Paceibacteria,rank_3,Moranbacterales,Root,Bacteria,Patescibacteria,Paceibacteria,Moranbacterales,,
UBA2206,Moranbacterales,rank_4,UBA2206,Root,Bacteria,Patescibacteria,Paceibacteria,Moranbacterales,UBA2206,
Treponematales,Spirochaetia,rank_3,Treponematales,Root,Bacteria,Spirochaetota,Spirochaetia,Treponematales,,
UBA8932,Treponematales,rank_4,UBA8932,Root,Bacteria,Spirochaetota,Spirochaetia,Treponematales,UBA8932,
GCA-2731375,Alphaproteobacteria,rank_3,GCA-2731375,Root,Bacteria,Pseudomonadota,Alphaproteobacteria,GCA-2731375,,
Zetaproteobacteria,Pseudomonadota,rank_2,Zetaproteobacteria,Root,Bacteria,Pseudomonadota,Zetaproteobacteria,,,
Mariprofundales,Zetaproteobacteria,rank_3,Mariprofundales,Root,Bacteria,Pseudomonadota,Zetaproteobacteria,Mariprofundales,,
Mariprofundaceae,Mariprofundales,rank_4,Mariprofundaceae,Root,Bacteria,Pseudomonadota,Zetaproteobacteria,Mariprofundales,Mariprofundaceae,
Mariprofundus,Mariprofundaceae,rank_5,Mariprofundus,Root,Bacteria,Pseudomonadota,Zetaproteobacteria,Mariprofundales,Mariprofundaceae,Mariprofundus
Frigididesulfovibrio,Desulfovibrionaceae,rank_5,Frigididesulfovibrio,Root,Bacteria,Thermodesulfobacteriota,Desulfovibrionia,Desulfovibrionales,Desulfovibrionaceae,Frigididesulfovibrio
Desulfovibrio,Desulfovibrionaceae,rank_5,Desulfovibrio,Root,Bacteria,Thermodesulfobacteriota,Desulfovibrionia,Desulfovibrionales,Desulfovibrionaceae,Desulfovibrio
Negativicutes,Bacillota,rank_2,Negativicutes,Root,Bacteria,Bacillota,Negativicutes,,,
Sporomusales,Negativicutes,rank_3,Sporomusales,Root,Bacteria,Bacillota,Negativicutes,Sporomusales,,
Sporomusaceae,Sporomusales,rank_4,Sporomusaceae,Root,Bacteria,Bacillota,Negativicutes,Sporomusales,Sporomusaceae,
Sporomusa,Sporomusaceae,rank_5,Sporomusa,Root,Bacteria,Bacillota,Negativicutes,Sporomusales,Sporomusaceae,Sporomusa
Thiotrichales,Gammaproteobacteria,rank_3,Thiotrichales,Root,Bacteria,Pseudomonadota,Gammaproteobacteria,Thiotrichales,,
Thiotrichaceae,Thiotrichales,rank_4,Thiotrichaceae,Root,Bacteria,Pseudomonadota,Gammaproteobacteria,Thiotrichales,Thiotrichaceae,
Thiothrix,Thiotrichaceae,rank_5,Thiothrix,Root,Bacteria,Pseudomonadota,Gammaproteobacteria,Thiotrichales,Thiotrichaceae,Thiothrix
